"id","description","impuesto","name","codigoporcentaje","codigo","type_tax_use","amount_type","amount","python_compute","python_applicable","tax_group_id:id","tag_ids:id","sequence"
"tax_103303","Honorarios profesionales y demás pagos por servicios relacionados con el título profesional","303","303","303","1","purchase","code","-10","result = round(price_unit*quantity, 2) * -0.1","result = True","tax_group_retair","account_tag_103303","100"
"tax_103304","Servicios predomina el intelecto no relacionados con el título profesional","304","304","304","1","purchase","code","-8","result = round(price_unit*quantity, 2) * -0.08","result = True","tax_group_retair","account_tag_103304","100"
"tax_103306","Por compras locales de materia prima","306","306","306","1","purchase","code","-1","result = round(price_unit*quantity, 2) * -0.01","result = True","tax_group_retair","account_tag_103306","100"
"tax_103304A","Comisiones y demás pagos por servicios predomina intelecto no relacionados con el título profesional","304A","304A","304A","1","purchase","code","-8","result = round(price_unit*quantity, 2) * -0.08","result = True","tax_group_retair","account_tag_103304","100"
"tax_103304B","Pagos a notarios y registradores de la propiedad y mercantil por sus actividades ejercidas como tales","304B","304B","304B","1","purchase","code","-8","result = round(price_unit*quantity, 2) * -0.08","result = True","tax_group_retair","account_tag_103304","100"
"tax_103304C","Pagos a deportistas, entrenadores, árbitros, miembros del cuerpo técnico por sus actividades ejercidas como tales","304C","304C","304C","1","purchase","code","-8","result = round(price_unit*quantity, 2) * -0.08","result = True","tax_group_retair","account_tag_103304","100"
"tax_103304D","Pagos a artistas por sus actividades ejercidas como tales","304D","304D","304D","1","purchase","code","-8","result = round(price_unit*quantity, 2) * -0.08","result = True","tax_group_retair","account_tag_103304","100"
"tax_103304E","Honorarios y demás pagos por servicios de docencia","304E","304E","304E","1","purchase","code","-8","result = round(price_unit*quantity, 2) * -0.08","result = True","tax_group_retair","account_tag_103304","100"
"tax_103307","Servicios predomina la mano de obra","307","307","307","1","purchase","code","-2","result = round(price_unit*quantity, 2) * -0.02","result = True","tax_group_retair","account_tag_103307","100"
"tax_103308","Utilización o aprovechamiento de la imagen o renombre","308","308","308","1","purchase","code","-10","result = round(price_unit*quantity, 2) * -0.1","result = True","tax_group_retair","account_tag_103308","100"
"tax_103309","Servicios prestados por medios de comunicación y agencias de publicidad","309","309","309","1","purchase","code","-1","result = round(price_unit*quantity, 2) * -0.01","result = True","tax_group_retair","account_tag_103309","100"
"tax_103310","Servicio de transporte privado de pasajeros o transporte público o privado de carga","310","310","310","1","purchase","code","-1","result = round(price_unit*quantity, 2) * -0.01","result = True","tax_group_retair","account_tag_103310","100"
"tax_103311","Por pagos a través de liquidación de compra (nivel cultural o rusticidad)","311","311","311","1","purchase","code","-2","result = round(price_unit*quantity, 2) * -0.02","result = True","tax_group_retair","account_tag_103311","100"
"tax_103312","Transferencia de bienes muebles de naturaleza corporal","312","312","312","1","purchase","code","-1","result = round(price_unit*quantity, 2) * -0.01","result = True","tax_group_retair","account_tag_103312","100"
"tax_103312A","Compra de bienes de origen agrícola, avícola, pecuario, apícola, cunícula, bioacuático, y forestal","312A","312A","312A","1","purchase","code","-1","result = round(price_unit*quantity, 2) * -0.01","result = True","tax_group_retair","account_tag_103312","100"
"tax_103314B","Cánones, derechos de autor,  marcas, patentes y similares de acuerdo a Ley de Propiedad Intelectual – pago a personas naturales","314B","314B","314B","1","purchase","code","-8","result = round(price_unit*quantity, 2) * -0.08","result = True","tax_group_retair","account_tag_103314","100"
"tax_103314D","Cánones, derechos de autor,  marcas, patentes y similares de acuerdo a Ley de Propiedad Intelectual – pago a sociedades","314D","314D","314D","1","purchase","code","-8","result = round(price_unit*quantity, 2) * -0.08","result = True","tax_group_retair","account_tag_103314","100"
"tax_103319","Cuotas de arrendamiento mercantil, inclusive la de opción de compra","319","319","319","1","purchase","code","-1","result = round(price_unit*quantity, 2) * -0.01","result = True","tax_group_retair","account_tag_103319","100"
"tax_103320","Por arrendamiento bienes inmuebles","320","320","320","1","purchase","code","-8","result = round(price_unit*quantity, 2) * -0.08","result = True","tax_group_retair","account_tag_103320","100"
"tax_103322","Seguros y reaseguros (primas y cesiones)","322","322","322","1","purchase","code","1","result = round((price_unit * quantity * 0.10), 2) * -0.01","result = True","tax_group_retair","account_tag_103322","100"
"tax_103332","Otras compras de bienes y servicios no sujetas a retención","332","332","332","1","purchase","percent","0",,"result = True","tax_group_retair","account_tag_103332","100"
"tax_103332B","Compra de bienes inmuebles","332B","332B","332B","1","purchase","percent","0",,"result = True","tax_group_retair","account_tag_103332","100"
"tax_103332C","Transporte público de pasajeros","332C","332C","332C","1","purchase","percent","0",,"result = True","tax_group_retair","account_tag_103332","100"
"tax_103332D","Pagos en el país por transporte de pasajeros o transporte internacional de carga, a compañías nacionales o extranjeras de aviación o marítimas","332D","332D","332D","1","purchase","percent","0",,"result = True","tax_group_retair","account_tag_103332","100"
"tax_103332G","Pagos con tarjeta de crédito ","332G","332G","332G","1","purchase","percent","0",,"result = True","tax_group_retair","account_tag_103332","100"
"tax_103344","Otras retenciones aplicables el 2%","344","344","344","1","purchase","code","-2","result = round(price_unit*quantity, 2) * -0.02","result = True","tax_group_retair","account_tag_103344","100"
