"id","sequence","name","persona_id:id","es_publica","obligada_contabilidad","identificacion_id:id","tipopago_id:id","active"
"fiscal_position_consumidor",20,"Consumidor (persona natural con cédula)","persona_06","False","False","identificacion_ci","tipopago_01",1
"fiscal_position_natural",1,"Persona natural (no obligada a llevar contabilidad)","persona_06","False","False","identificacion_ruc","tipopago_01",1
"fiscal_position_obligada",10,"Persona natural (obligada a llevar contabilidad)","persona_06","False","True","identificacion_ruc","tipopago_01",1
"fiscal_position_rise",15,"Persona natural (contribuyente RISE)","persona_06","False","False","identificacion_ruc","tipopago_01",1
"fiscal_position_sociedad",5,"Sociedad (persona jurídica)","persona_09","False","True","identificacion_ruc","tipopago_01",1
"fiscal_position_gobierno",25,"Gobierno e instituciones gubernamentales","persona_09","True","True","identificacion_ruc","tipopago_01",1
"fiscal_position_especiales",30,"Contribuyentes especiales (sociedad)","persona_09","False","True","identificacion_ruc","tipopago_01",1
"fiscal_position_especialesnatural",40,"Contribuyentes especiales (persona natural)","persona_06","False","True","identificacion_ruc","tipopago_01",1
"fiscal_position_otros",35,"Otros no sujetos a retención","persona_09","False","True","identificacion_ruc","tipopago_01",1
